tunnus;nimi;laajuus;opettaja
PLA-31100;Ohjelmointitekniikka;6;ms
PLA-32100;Olio-ohjelmointi;6;ms
PLA-32200;Tietorakenteet;6;rn
PLA-32310;Sulautetut järjestelmät;6;ms
PLA-32602;Tiedonhallinta ja tietokannat;4;vk
PLA-32610;Tietokantajärjestelmät;4;ks
PLA-32811;Web-ohjelmointi;4;ks
PLA-32820;Mobiiliohjelmointi;5;ms
PLA-32831;Web-selainohjelmointi;4;ks
PLA-32841;Web-palvelinohjelmointi;4;ks
PLA-33110;Käyttäjäkeskeinen suunnittelu;4;ap
PLA-33120;Tietojärjestelmän mallintaminen;5;jv
PLA-33416;Software Engineering Management;5;vk
PLA-33450;Ohjelmistotuotteen hallinta;4;vk
PLA-33600;Ohjelmistoprojekti;5-9;vk
